pub_id,title,type,bibtex,author,editor,isbn,url,date,urldate,booktitle,issuetitle,journal,volume,number,pages,publisher,address,edition,chapter,institution,organization,school,series,crossref,abstract,howpublished,key,techtype,comment,note,image_url,doi,is_isbn,rel_page,status,added,modified,use_capabilites,import_id
,Offloading Delay Minimization in Uplink MEC Via Multi-modal Multi-agent Reinforcement Learning,,,"J.Kwon, S.Lee, H.Park",,,,2026-12-07,,IEEE GLOBECOM,,,,,,,,,,,,,,,,,,,,,,,,,forthcoming,,,,
1199,Exploiting Near-Field Effect With Spatially Separated Sub-arrays for Upper Mid-Band ISAC,inproceedings,M.Hwang2026,"M.Hwang, H.Park, N. Gonzalez-Preclic",,,,2026-05-24,0000-00-00,"IEEE International Conference on Communications (ICC) 2026, Glascow, Scotland",,,,,,,,,,,,,,,,,,,,,,,1,0,published,2026-05-29 14:49:03,2026-05-29 14:49:03,,0
1184,Semantic Packet Aggregation and Repeated Transmission for Text-to-Image Generation,inproceedings,Lee2025,"S. Lee, J. Park, J. Choi, H. Park",,,,2025-06-08,0000-00-00,,,,,,,,,,,,"IEEE International Conference on Communications (ICC) 2025, Montreal, Canada",,,,,,,,,,,,1,0,published,2025-03-11 16:04:20,2026-01-19 14:16:50,,0
1185,Robust ISAC Beamformer Utilizing Angular Distributions of Target and Clutters,inproceedings,Kim2025,"H. Kim, J. Jee, H. Park",,,,2025-06-08,0000-00-00,,,,,,,,,,,,"IEEE International Conference on Communications (ICC) 2025 Workshops, Montreal, Canada",,,,,,,,,,,,1,0,published,2025-03-11 17:00:58,2026-01-19 14:15:02,,0
1189,Semantic Packet Aggregation for Token Communication Via Genetic Beam Search,inproceedings,Lee2025c,"S. Lee, J. Park, J. Choi, and H. Park",,,,2025-05-25,0000-00-00,,,,,,,,,,,,"2025 IEEE Workshop on Signal Processing and Artificial Intelligence for Wireless Communications (SPAWC 2025), Surrey, UK",,,,,,,,,,,,1,0,published,2025-05-26 14:27:17,2026-01-19 14:26:10,,0
1117,Integrated Localization and Communication in 3GPP Industrial Enviroments,inproceedings,Kwon2023b,"G. Kwon, Z. Liu, A. Conti, H. Park, M. Win",,,,2024-04-19,0000-00-00,,,,,,,,,,,,"IEEE International Conference on Acoustics, Speech and Signal Processing (ICASSP 2024), Seoul, Korea,",,,,,,,,,,,10.1109/ICASSP48485.2024.10447698,1,0,published,2023-12-14 12:32:54,2024-11-21 15:26:45,,0
1114,Impact of Imperfect Channel State Information on Achievable Rate With Zero-Forcing Precoding in Massive MIMO Systems for Multi-numerology,inproceedings,Son2023,"H. Son, G. Kwon, H. Park, J. Park",,,,2023-12-25,0000-00-00,,,,,,,,,,,,"IEEE Military Communications Conference (MILCOM 2023), Boston, USA,",,,,,,,,,,,10.1109/MILCOM58377.2023.10356334,1,0,published,2023-10-04 11:23:34,2024-01-03 10:18:56,,0
1110,An Effective Hybrid Beamforming for MIMO-OFDM With Beam Squint,inproceedings,Kim2023,"Y. Kim, H. Nam, H. Son, H. Park",,,,2023-10-10,0000-00-00,,,,,,,,,,,,"IEEE Vehicular Technology Conference (VTC 2023-Fall), Hong Kong",,,,,,,,,,,10.1109/VTC2023-Fall60731.2023.10333490,1,0,published,2023-09-05 10:55:29,2023-12-15 12:37:21,,0
1111,3D State Transition Modeling and Power Allocation for UAV-Aided ISAC System,inproceedings,Kim2023b,"H. Kim, M. Hwang, J. Jee, J. Park, H. Park",,,,2023-10-10,0000-00-00,,,,,,,,,,,,"IEEE Vehicular Technology Conference (VTC 2023-Fall), Hong Kong",,,,,,,,,,,10.1109/VTC2023-Fall60731.2023.10333704,1,0,published,2023-09-05 11:03:58,2023-12-15 12:38:23,,0
1101,A Novel Pilot Design and Channel Estimation in 5G Multi-numerology Systems,inproceedings,Son2022,"H. Son, G. Kwon, H. Park, J. Park",,,,2022-06-19,0000-00-00,,,,,,,,,,,,"IEEE Vehicular Technology Conference (VTC 2022), Helsinki, Finland",,,,,,,,,,,10.1109/VTC2022-Spring54318.2022.9860827,1,0,published,2022-03-07 10:55:23,2022-11-08 16:12:19,,0
1086,Joint Design of Transmit Waveform and Reflection Phase for IRS Aided Wireless Power Transfer,inproceedings,Hwang2022b,"M. Hwang, H. An, H. Park",,,,2022-04-10,0000-00-00,,,,,,,,,,,,"IEEE Wireless Communications and Networking Conference (WCNC 2022), Austin, TX, USA",,,,,,,,,,,10.1109/WCNC51071.2022.9771626,1,0,published,2022-01-24 15:27:42,2022-05-23 11:00:48,,0
1082,Joint Beamforming Design for LOS MIMO Systems With Multiple Intelligent Reflecting Surfaces,inproceedings,Choi2021b,"J. Choi, G. Kwon, H.Park",,,,2021-11-29,0000-00-00,,,,,,,,,,,,"IEEE Military Communications Conference (MILCOM 2021), San Diego, USA",,,,,,,,,,,10.1109/MILCOM52596.2021.9653118,1,0,published,2021-10-07 16:38:02,2022-01-03 14:36:12,,0
1083,Cumulant Matrix-Based Channel Estimation for Near-Field Massive MIMO Systems,inproceedings,Seo2021,"K. Seo, G. Gil, G. Kwon, S. Hong, H. Park",,,,2021-10-20,0000-00-00,,,,,,,,,,,,"The 12th International Conference on Information and Communication Technology Convergence (ICTC 2021), Jeju Island, Korea",,,,,,,,,,,10.1109/ICTC52510.2021.9620981,1,0,published,2021-10-07 16:42:33,2022-01-03 14:31:53,,0
1084,Machine Learning-Based Error Recovery System for NAND Flash Memory With Process Variation,inproceedings,Lee2021,"S. Lee, J. Jee, H. Park",,,,2021-10-20,0000-00-00,,,,,,,,,,,,"The 12th International Conference on Information and Communication Technology Convergence (ICTC 2021), Jeju Island, Korea",,,,,,,,,,,10.1109/ICTC52510.2021.9620949,1,0,published,2021-10-07 16:46:08,2022-01-03 14:31:32,,0
1072,Multi-tap Hybrid Beamforming in Wideband mmWave Systems: A Non-iterative Approach,inproceedings,Jun2021,"S. Jun, G. Kwon, H.Park",,,,2021-06-14,0000-00-00,,,"IEEE International Conference on Communications, 2021",,,,,,,,,"IEEE International Conference on Communications (ICC 2021), Montreal, QC, Canada",,,,,,,,,,,10.1109/ICCWorkshops50388.2021.9473494,1,0,published,2021-04-02 13:10:03,2021-10-07 16:31:37,,0
1061,Deep Transfer Learning-Based Adaptive Beamforming for Realistic Communication Channels,inproceedings,Yang2020,"H. Yang, J. Jee, G. Kwon, H. Park",,,,2020-10-21,0000-00-00,,,,,,,,,,,,"The 11th International Conference on Information and Communication Technology Convergence (ICTC 2020), Jeju Island, Korea",,,,,,,,,,,,1,0,published,2020-09-21 11:27:33,2021-05-10 11:11:22,,0
1062,Q-Learning-Based Low Complexity Beam Tracking for mmWave Beamforming System,inproceedings,Kim2020,"S. Kim, G. Kwon, H. Park",,,,2020-10-21,0000-00-00,,,,,,,,,,,,"The 11th International Conference on Information and Communication Technology Convergence (ICTC 2020), Jeju Island, Korea",,,,,,,,,,,,1,0,published,2020-09-21 11:36:30,2021-05-10 11:12:41,,0
1063,Intelligent Error Recovery Flow Prediction for Low Latency NAND Flash Memory System,inproceedings,Kang2020,"B. Kang, J. Jee, H. Park",,,,2020-10-21,0000-00-00,,,,,,,,,,,,"The 11th International Conference on Information and Communication Technology Convergence (ICTC 2020), Jeju Island, Korea",,,,,,,,,,,,1,0,published,2020-09-21 11:38:09,2021-05-10 11:09:47,,0
1064,A Novel Frequency Domain Preamble Detection for OFDM Based WLAN Systems,inproceedings,Jin2020,"E. Jin, H. Park",,,,2020-10-21,0000-00-00,,,,,,,,,,,,"The 11th International Conference on Information and Communication Technology Convergence (ICTC 2020), Jeju Island, Korea",,,,,,,,,,,,1,0,published,2020-09-23 13:08:13,2021-05-10 11:08:51,,0
1046,ML Phase Estimation in Flat Fading Channel With 1-Bit Quantization and Time-Oversampling,inproceedings,Son2020,"H. Son, H. Han, N. Kim, H.Park",,,,2020-06-07,0000-00-00,,,,,,,,,,,,"IEEE International Conference on Communications (ICC 2020), Dublin, Ireland, 2020",,,,,,,,,,,,1,0,published,2020-01-29 17:38:42,2020-09-21 11:43:12,,0
1044,Subchannel Gain Product Based Frequency Selective Hybrid Beamforming With Limited Feedback,inproceedings,Nam2020,"H. Nam, G. Kwon, N. Kim, H. Park",,,,2020-05-25,0000-00-00,,,,,,,,,,,,"IEEE Vehicular Technology Conference (VTC 2020 Spring), Antwerp, Belgium, 2020",,,,,,,,,,,,1,0,published,2020-01-29 17:25:19,2020-09-21 11:42:14,,0
1026,An Efficient Detection Algorithm for PAM With 1-Bit Quantization and Time-Oversampling at the Receiver,inproceedings,sep2019ab,"H. Son, H. Han, N. Kim, and H. Park",,,,2019-09-16,0000-00-00,,,,,,,,,,,,IEEE Vehicular Technology Conference (VTC 2019 Fall),,,,,,,,,,,,1,0,published,2019-09-16 19:15:19,2019-10-07 13:46:12,,0
1027,Robust Beam Tracking Algorithm for mmWave MIMO Systems in Mobile Environments,inproceedings,sep2019b,"S.Kim, H. Han, N. Kim, and H. Park",,,,2019-09-16,0000-00-00,,,,,,,,,,,,IEEE Vehicular Technology Conference (VTC 2019 Fall),,,,,,,,,,,,1,0,published,2019-09-16 19:16:20,2019-10-07 13:46:36,,0
1023,A Comparative Study on the Compensation Schemes for Transceiver I/Q Imbalances of Massive MIMO System,inproceedings,Sep2019b,"J. Jee, G. Kwon, H. Park",,,,2019-09-01,0000-00-00,,,,,,,,,,,,"Asia-Pacific Conference on Communications (APCC 2019),  Chi Minh city, Vietnam",,,,,,,,,,,,1,0,published,2019-09-03 13:31:50,2020-01-15 14:43:50,,0
1021,Millimeter Wave Wireless Link for On-Board Chip to Chip Communication,inproceedings,Jun2019a,T. H. Jang; S. Jun; S. H. Kim; H. S. Son; D. Kang; H. Park; C. S. Park,"IEEE Wireless Days (WD 2019), Manchester, UK , 2019.",,,2019-03-08,0000-00-00,,,"IEEE Wireless Days (WD 2019), Manchester, UK, 2019",,,,,,,,,,,,,,,,,,,,,1,0,published,2019-03-08 11:30:20,2019-10-07 14:17:38,,0
1017,CRC-Aided  Soft-Output Detection for Uplink Multi-user MIMO Systems With One-Bit ADCs,inproceedings,Park2019b,S. Song; S.-C. Lim; G. Kwon; H. Park ,,,,2019-01-18,0000-00-00,"IEEE Wireless Communications and Networking Conference(WCNC 2019), Marrakech, Morocco, 2019.",,,,,,,,,,,,,,,,,,,,,,,1,0,published,2019-01-21 15:17:35,2019-09-16 19:14:52,,0
1000,Design on the Waveform for QAM-FBMC System in the Presence of Residual CFO,inproceedings,Park2019,H. Han; H. Park,,,,2019-01-11,0000-00-00,IEEE Consumer Communications Networking Conference (IEEE CCNC 2019),,"The 16th IEEE Annual Consumer Communications Networking Conference (IEEE CCNC 2019), Las Vegas, USA",,,,,,,,,,,,,,,,,,,,,1,0,published,2018-09-27 13:26:53,2019-01-25 13:17:34,,0
991,Maximizing Ergodic Throughput in Wireless Powered Communication Networks,inproceedings,Park2018b,Arman Ahmadian; H. Park,,,,2018-12-09,0000-00-00,"IEEE Global Communications Conference (Globecom 2018),  Abu Dhabi, UAE, 2018.",,"IEEE Global Communications Conference (Globecom 2018), Abu Dhabi, UAE, 2018",,,,,,,,,,,,,,,,,,,,,1,0,published,2018-07-23 16:41:01,2019-01-21 15:07:59,,
996,5G K-Simulator: Link Level Simulator for 5G,inproceedings,Park2018b,"Giseung Park, Sangwoo Park, Junyeong Seo, Jungho So, Woowan Wang, Seungmin Yoo, Seung-Chan Lim, Jihoon Chung, Myungsik Cho, Daehan Ha, Joonhyuk Kang, Hyuncheol Park, and Youngchul Sung",,,,2018-10-22,0000-00-00,"IEEE International Symposium on Dynamic Spectrum Access Networks (IEEE DySPAN 2018), Seoul, South Korea.",,,,,,,,,,,,,,,,,,,,,,,1,0,published,2018-08-27 13:36:50,2019-01-21 15:08:35,,
985,Time Reversal Scheme Using Multiple Transmit Antennas for SWIPT in Indoor Channel,inproceedings,Park2018,H. An; H. Park,,,,2018-09-09,0000-00-00,"The 29th Annual IEEE International Symposium on Personal, Indoor and Mobile Radio Communications (IEEE PIMRC 2018), Bologna, Italy",,"IEEE International Symposium on Personal, Indoor and Mobile Radio Communications (IEEE PIMRC 2018),  Bologna, Italy",,,,,,,,,,,,,,,,,,,,,1,0,published,2018-06-25 17:48:02,2019-01-21 15:09:03,,
986,Performance of Analog Equalizer in Wideband LoS MIMO Systems,inproceedings,Jun2018,"S. Jun, G. Kwon; H.park",,,,2018-08-22,0000-00-00,"The 15th IEEE Vehicular Technology Society Asia Pacific Wireless Communication Symposium (IEEE VTS APWCS 2018), National Chiao Tung University, Hsinchu, Taiwan",,"IEEE Vehicular Technology Society Asia Pacific Wireless Communication Symposium (IEEE VTS APWCS 2018), National Chiao Tung University, Hsinchu, Taiwan",,,,,,,,,,,,,,,,,,,,,1,0,published,2018-06-25 17:57:04,2019-01-21 15:09:18,,
969,Precoding for Full-Duplex Multiuser MIMO Systems Using Duality,inproceedings,Kim2017,"J. Kim, W. Wang; H. Park",,,,2017-12-04,0000-00-00,IEEE Global Communications Conference (Globecom 2017),,,,,,,Singapore,,,,,,,,,,,,,,,,1,0,published,2017-07-28 13:28:09,2018-06-26 11:46:09,,
970,CFO Estimation for QAM-FBMC Systems Considering Non-orthogonal Prototype Filters,inproceedings,H.Park2017,H. Han; H.Park,,,,2017-10-08,0000-00-00,"IEEE International Symposium on Personal, Indoor and Mobile Radio Communications (PIMRC 2017)",,,,,,,"Montreal, QC, Canada",,,,,,,,,,,,,,,,1,0,published,2017-08-03 16:27:13,2017-10-23 12:57:30,,
967,An Optimal File Placement for Raptor Coded Caching System,inproceedings,Lee2017,"W. Lee, S.-C. Lim; H. Park",,,,2017-08-23,0000-00-00,The 14th IEEE Vehicular Technology Society Asia Pacific Wireless Communication Symposium (IEEE VTS APWCS 2017),,,,,,,"Incheon National University, Incheon, Korea",,,,,,,,"In this paper, we investigate file placement strategy for Raptor coded wireless caching systems. Based on the decoding error probability of Raptor codes, we analyze the lower bound on the service failure probability of the systems, and investigate a file placement algorithm to construct reliable systems. Simulation results show that the proposed placement strategy not only outperforms other ones, but also nearly approaches to the lower bound with negligible difference. Also, simulations are provided to analyze the effects of various system parameters on the performance of the Raptor coded caching systems.",,,,,,,,1,0,published,2017-06-30 19:38:38,2018-06-26 11:42:10,,
958,Waveform Design for QAM-FBMC Systems,inproceedings,Kim1707:Waveform,"H. Kim, H. Han and H. Park",,,,2017-07-03,0000-00-00,"IEEE 18th International Workshop on Signal Processing Advances in 
Wireless Communications (SPAWC 2017)",,,,,,,"Sapporo, Japan",,,,,,,,"Due to its spectral efficiency and well-localized spectrum, a quadrature amplitude modulation based filter-bank multi-carrier (QAM-FBMC) is considered as one of the candidate for 5G mobile communications. In this paper, we propose a novel waveform design for the QAM-FBMC system considering time dispersion parameter. The utilization of the proposed filter with the real number filter coefficients enables simpler implement than the conventional multiple prototype filters with complex coefficients. Simulation results show that the proposed QAM-FBMC systems has superior spectral efficiency as compared to CP-OFDM. Moreover, a new designed filter shows the improvement in the performance compared with the conventional QAM-FBMC systems on multipath fading channel.",,,,,,,,1,0,published,2017-05-16 17:12:02,2017-07-11 16:08:20,,
514,Improved Link Adaptation Using Truncated Channel Inversion for MU-MIMO Systems,inproceedings,bibcvtIC127,"G. Kim, M. Oh and H. Park",,,,2017-01-01,0000-00-00,IEEE Consumer Communications &amp; Networking Conference (CCNC 2017),,,,,,,"Lasvegas, USA",,,,,,,,,,,,,,,,1,0,published,2017-04-19 13:40:56,2017-04-19 13:40:56,,
515,An Effective Distributed Synchronization Method for Device-to-Device Communications,inproceedings,bibcvtIC128,"H. Han, J. Kim and H. Park",,,,2017-01-01,0000-00-00,IEEE International Conference on Consumer Electronics (ICCE 2017),,,,,,,"Lasvegas, USA",,,,,,,,,,,,,,,,1,0,published,2017-04-19 13:40:56,2017-04-19 13:40:56,,
516,In-Band Cellular IoT for Smart Home Applications,inproceedings,bibcvtIC129,"H. Joe, H. An, W. Wang, W. Lee and H. Park",,,,2017-01-01,0000-00-00,IEEE International Conference on Consumer Electronics (ICCE 2017),,,,,,,"Lasvegas, USA",,,,,,,,,,,,,,,,1,0,published,2017-04-19 13:40:56,2017-04-19 13:40:56,,
513,A Joint Scheduling and Millimeter Wave Hybrid Beamforming System With Partial Side Information,inproceedings,bibcvtIC126,G. Kwon and H. Park,,,,2016-05-01,0000-00-00,IEEE International Conference on Communications (ICC 2016),,,,,,,"Kuala Lumpur, Malaysia",,,,,,,,,,,,,,,,1,0,published,2017-04-19 13:40:56,2017-04-19 13:40:56,,
512,An Efficient Hybrid Beamforming Scheme for Sparse Millimeter Wave Channel,inproceedings,bibcvtIC125,G. Kwon and H. Park,,,,2015-12-01,0000-00-00,IEEE Global Communications Conference (Globecom 2015),,,,,,,"San Diego, USA",,,,,,,,,,,,,,,,1,0,published,2017-04-19 13:40:56,2017-04-19 13:40:56,,
511,Joint DOA Estimation and Signal Detection in Hybrid Beamforming Systems,inproceedings,bibcvtIC124,"H. Joe, G. Kwon and H. Park",,,,2015-08-01,0000-00-00,IEEE Asia Pacific Wireless Communication Symposium (APWCS 2015),,,,,,,Singapore,,,,,,,,,,,,,,,,1,0,published,2017-04-19 13:40:56,2017-04-19 13:40:56,,
510,Distributed Multiuser MMSE Relaying Strategies for AF Wireless Relay Networks,inproceedings,bibcvtIC123,"K. Lee, H. M. Kwon, J. Yang, E. M. Sawan and H. Park",,,,2014-12-01,0000-00-00,IEEE Global Communications Conference (Globecom 2014),,,,,,,"Austin, USA",,,,,,,,,,,,,,,,1,0,published,2017-04-19 13:40:56,2017-04-19 13:40:56,,
508,An Efficient Cooperation Strategy and Cooperation Region Analysis in Cognitive Femtocell Networks,inproceedings,bibcvtIC121,"E. Heo, H. Park and S. Jimaa",,,,2014-09-01,0000-00-00,IEEE Vehicular Technology Conference (VTC 2014 Fall),,,,,,,"Vancouver, Canada",,,,,,,,,,,,,,,,1,0,published,2017-04-19 13:40:55,2017-04-19 13:40:55,,
509,Design of Millimeter Wave Hybrid Beamforming Systems,inproceedings,bibcvtIC122,"G. Kwon, Y. Shim, H. Park and H. M. Kwon",,,,2014-09-01,0000-00-00,IEEE Vehicular Technology Conference (VTC 2014 Fall),,,,,,,"Vancouver, Canada",,,,,,,,,,,,,,,,1,0,published,2017-04-19 13:40:56,2017-04-19 13:40:56,,
507,Performance of IEEE 802.15.8 Peer Aware Communications,inproceedings,bibcvtIC120,"H. Han, W. Wang, J. Kim, H. Park, H. Kim and S. C. Chang",,,,2014-07-01,0000-00-00,IEEE International Conference on Communications and Electronics (ICCE 2014),,,,,,,"Da Nang, Vietnam",,,,,,,,,,,,,,,,1,0,published,2017-04-19 13:40:55,2017-04-19 13:40:55,,
505,Maximum SNR Relaying Strategies for AF SIMO Wireless Relay Networks,inproceedings,bibcvtIC118,"K. Lee, H. M. Kwon, J. Yang, E. M. Sawan and H. Park",,,,2014-05-01,0000-00-00,IEEE Vehicular Technology Conference (VTC 2014 Spring),,,,,,,"Seoul, Korea",,,,,,,,,,,,,,,,1,0,published,2017-04-19 13:40:55,2017-04-19 13:40:55,,
506,Two-Way AF Wireless Relay Networks Under Channel Uncertainty,inproceedings,bibcvtIC119,"K. Lee, H. M. Kwon, J. Yang, E. M. Sawan and H. Park",,,,2014-05-01,0000-00-00,IEEE Vehicular Technology Conference (VTC 2014 Spring),,,,,,,"Seoul, Korea",,,,,,,,,,,,,,,,1,0,published,2017-04-19 13:40:55,2017-04-19 13:40:55,,
502,Channel Uncertainty for AF Wireless Distributed Relay Networks Under Power Constraint,inproceedings,bibcvtIC115,"K. Lee, H. M. Kown, J. Yang, E. M. Sawan and H. Park",,,,2014-04-01,0000-00-00,IEEE Wireless Communications and Networking Conference (WCNC 2014),,,,,,,"Istanbul, Turkey",,,,,,,,,,,,,,,,1,0,published,2017-04-19 13:40:54,2017-04-19 13:40:54,,
503,Performance of Linear Precoding and User Selection in IEEE 802.11ac Downlink MU-MIMO System,inproceedings,bibcvtIC116,"W. Lim, G. Kim, J. Kim, K. Lee, H. Jang and H. Park",,,,2014-04-01,0000-00-00,IEEE Wireless Communications and Networking Conference (WCNC 2014),,,,,,,"Istanbul, Turkey",,,,,,,,,,,,,,,,1,0,published,2017-04-19 13:40:55,2017-04-19 13:40:55,,
504,Two-Way MMSE Strategies for AF Distributed Relay Networks Under Power Constraint,inproceedings,bibcvtIC117,"K. Lee, H. M. Kwon, J. Yang, E. M. Sawan and H. Park",,,,2014-04-01,0000-00-00,IEEE Wireless Communications and Networking Conference (WCNC 2014),,,,,,,"Istanbul, Turkey",,,,,,,,,,,,,,,,1,0,published,2017-04-19 13:40:55,2017-04-19 13:40:55,,
501,A Low Complexity User Selection Scheme in Downlink MU-MIMO System,inproceedings,bibcvtIC114,"G. Kim, J. Kim, H. Han and H. Park",,,,2014-03-01,0000-00-00,IEEE International Wireless Symposium (IWS 2014),,,,,,,"Xian, China",,,,,,,,,,,,,,,,1,0,published,2017-04-19 13:40:54,2017-04-19 13:40:54,,
496,Cooperative AF Wireless Relay Strategy Under Relay Power Constraint,inproceedings,bibcvtIC109,"K. Lee, H. M. Kwon, E. M. Sawan and H. Park",,,,2013-11-01,0000-00-00,"IEEE Asilomar Conference on Signals, Systems, and Computers (ACSSC 2013)",,,,,,,"Pacific Grove, USA",,,,,,,,,,,,,,,,1,0,published,2017-04-19 13:40:53,2017-04-19 13:40:53,,
497,Distributed AF Beamforming Relay Networks Under Transmit Power Constraint,inproceedings,bibcvtIC110,"K. Lee, H. M. Kwon, E. M. Sawan and H. Park",,,,2013-11-01,0000-00-00,"IEEE Asilomar Conference on Signals, Systems, and Computers (ACSSC 2013)",,,,,,,"Pacific Grove, USA",,,,,,,,,,,,,,,,1,0,published,2017-04-19 13:40:54,2017-04-19 13:40:54,,
498,Two-Way Amplify-and-Forward Relay Strategies Under Relay Power Constraint,inproceedings,bibcvtIC111,"K. Lee, H. M. Kwon, E. M. Sawan and H. Park",,,,2013-11-01,0000-00-00,"IEEE Asilomar Conference on Signals, Systems, and Computers (ACSSC 2013)",,,,,,,"Pacific Grove, USA",,,,,,,,,,,,,,,,1,0,published,2017-04-19 13:40:54,2017-04-19 13:40:54,,
499,Two-Way AF MIMO Beamforming Relay Strategies Under Transmit Power Constraint,inproceedings,bibcvtIC112,"K. Lee, H. M. Kwon, J. Yang, E. M. Sawan and H. Park",,,,2013-11-01,0000-00-00,IEEE Military Communications Conference (MILCOM 2013),,,,,,,"San Diego, USA",,,,,,,,,,,,,,,,1,0,published,2017-04-19 13:40:54,2017-04-19 13:40:54,,
500,AF MIMO Beamforming Relay Networks Under Various Power Constraints,inproceedings,bibcvtIC113,"S. Lee, H. M. Kwon, K. Lee and H. Park",,,,2013-11-01,0000-00-00,IEEE Military Communications Conference (MILCOM 2013),,,,,,,"San Diego, USA",,,,,,,,,,,,,,,,1,0,published,2017-04-19 13:40:54,2017-04-19 13:40:54,,
495,Half-Duplex and Full-Duplex Distributed Relay Systems Under Power Constraints,inproceedings,bibcvtIC108,"K. Lee, H. M. Kwon, E. M. Sawan, H. Park and Y. H. Lee",,,,2013-10-01,0000-00-00,"Allerton Conference on Communication, Control, and Computing",,,,,,,"Urbana-Champaign, USA",,,,,,,,,,,,,,,,1,0,published,2017-04-19 13:40:53,2017-04-19 13:40:53,,
491,Distributed AF Mobile Relay Networks in Adverse Wireless Communication Environments,inproceedings,bibcvtIC104,"K. Lee, H. M. Kwon, J. Yang, E. M. Sawan, H. Park and Y. H. Lee",,,,2013-09-01,0000-00-00,IEEE Vehicular Technology Conference (VTC 2013 Fall),,,,,,,"Las Vegas, USA",,,,,,,,,,,,,,,,1,0,published,2017-04-19 13:40:53,2017-04-19 13:40:53,,
492,MMSE Relaying Strategy for Two-Way Amplify-and-Forward Wireless Networks,inproceedings,bibcvtIC105,"K. Lee, H. M. Kwon, J. Yang, E. M. Sawan, H. Park and Y. H. Lee",,,,2013-09-01,0000-00-00,IEEE Vehicular Technology Conference (VTC 2013 Fall),,,,,,,"Las Vegas, USA",,,,,,,,,,,,,,,,1,0,published,2017-04-19 13:40:53,2017-04-19 13:40:53,,
493,"MMSE Relaying Strategies Under Jamming, Channel Uncertainty, Node Geometry, and Power Constraint",inproceedings,bibcvtIC106,"K. Lee, H. M. Kwon, J. Yang, E. M. Sawan, H. Park and Y. H. Lee",,,,2013-09-01,0000-00-00,IEEE Vehicular Technology Conference (VTC 2013 Fall),,,,,,,"Las Vegas, USA",,,,,,,,,,,,,,,,1,0,published,2017-04-19 13:40:53,2017-04-19 13:40:53,,
494,Power Allocation for AF Relaying Network Under Channel Phase Misalignment,inproceedings,bibcvtIC107,"K. Lee, H. M. Kwon, J. Yang, E. M. Sawan, H. Park and Y. H. Lee",,,,2013-09-01,0000-00-00,IEEE Vehicular Technology Conference (VTC 2013 Fall),,,,,,,"Las Vegas, USA",,,,,,,,,,,,,,,,1,0,published,2017-04-19 13:40:53,2017-04-19 13:40:53,,
486,Adverse Wireless Communication Environment Impacts on AF Wireless Relay Networks,inproceedings,bibcvtIC099,"K. Lee, H. M. Kwon, D. Kim, Y. Shim, H. Park, Y. H. Lee and I. Hyun",,,,2013-06-01,0000-00-00,IEEE Vehicular Technology Conference (VTC 2013 Spring),,,,,,,"Dresden, Germany",,,,,,,,,,,,,,,,1,0,published,2017-04-19 13:40:52,2017-04-19 13:40:52,,
487,AF Wireless Relay Network Analysis Under Receiver Power Constraint,inproceedings,bibcvtIC100,"K. Lee, H. M. Kwon, H. Kim, S. Lee, Y. Shim, H. Park and Y. H. Lee",,,,2013-06-01,0000-00-00,IEEE Vehicular Technology Conference (VTC 2013 Spring),,,,,,,"Dresden, Germany",,,,,,,,,,,,,,,,1,0,published,2017-04-19 13:40:52,2017-04-19 13:40:52,,
488,Optimal Amplify-and-Forward Precode and Relay Amplifying Matrices,inproceedings,bibcvtIC101,"H. Kim, H. M. Kwon, K. Lee, Y. Shim, H. Park and Y. H. Lee",,,,2013-06-01,0000-00-00,IEEE Vehicular Technology Conference (VTC 2013 Spring),,,,,,,"Dresden, Germany",,,,,,,,,,,,,,,,1,0,published,2017-04-19 13:40:52,2017-04-19 13:40:52,,
489,Selection of Amplify-and-Forward Mobile Relay Under Cascaded Rayleigh Fading,inproceedings,bibcvtIC102,"K. Lee, H. M. Kwon, E. M. Sawan, Y. Shim, H. Park and Y. H. Lee",,,,2013-06-01,0000-00-00,IEEE Vehicular Technology Conference (VTC 2013 Spring),,,,,,,"Dresden, Germany",,,,,,,,,,,,,,,,1,0,published,2017-04-19 13:40:53,2017-04-19 13:40:53,,
490,A Cooperative AF Wireless Relay Network Under Three Wireless Communication Conditions With Relay Power Constraint,inproceedings,bibcvtIC103,"K. Lee, H. M. Kwon, H. Kim, J. Yang, H. Park and Y. H. Lee",,,,2013-06-01,0000-00-00,IEEE International Conference on Communications (ICC 2013),,,,,,,"Budapest, Hungary",,,,,,,,,,,,,,,,1,0,published,2017-04-19 13:40:53,2017-04-19 13:40:53,,
485,Optimal Power Allocation for Two-Way Decode-and-Forward Relay Networks With Equal Transmit Power at Source Nodes,inproceedings,bibcvtIC098,"Y. Shim, H. Park and H. M. Kwon",,,,2013-04-01,0000-00-00,IEEE Wireless Communications and Networking Conference (WCNC 2013),,,,,,,"Shanghai, China",,,,,,,,,,,,,,,,1,0,published,2017-04-19 13:40:52,2017-04-19 13:40:52,,
482,Cooperative AF MIMO Wireless Relay Networks Under Relay Power Constraint,inproceedings,bibcvtIC095,"K. Lee, H. M. Kwon, H. Kim, H. Park and Y. H. Lee",,,,2012-11-01,0000-00-00,"IEEE Asilomar Conference on Signals, Systems, and Computers (ACSSC 2012)",,,,,,,"Pacific Grove, USA",,,,,,,,,,,,,,,,1,0,published,2017-04-19 13:40:52,2017-04-19 13:40:52,,
483,A Subcarrier Allocation Scheme for Uplink-OFDMA on Fast Fading Channels,inproceedings,bibcvtIC096,"K. Kim, J. Kim and H. Park",,,,2012-11-01,0000-00-00,International Workshop on High Mobility Wireless Communications (HMWC 2012),,,,,,,"Chengdu, China",,,,,,,,,,,,,,,,1,0,published,2017-04-19 13:40:52,2017-04-19 13:40:52,,
484,Optimal Power Allocation for Two-Way Decode-and-Forward Relay Networks With Equal Transmit Power at Source Nodes and Equal Channel Coefficients,inproceedings,bibcvtIC097,Y. Shim and H. Park,,,,2012-11-01,0000-00-00,International Workshop on High Mobility Wireless Communications (HMWC 2012),,,,,,,"Chengdu, China",,,,,,,,,,,,,,,,1,0,published,2017-04-19 13:40:52,2017-04-19 13:40:52,,
481,Quantization Error Reduction Scheme for Hybrid Beamforming,inproceedings,bibcvtIC094,"T. Shin, G. Kim, H. Park and H. M. Kwon",,,,2012-10-01,0000-00-00,Asia Pacific Conference on Communications (APCC 2012),,,,,,,"Jeju, Korea",,,,,,,,,,,,,,,,1,0,published,2017-04-19 13:40:52,2017-04-19 13:40:52,,
477,Adaptive Frame Size Estimation Using Extended Kalman Filter for High-Stressed WLANs,inproceedings,bibcvtIC090,"G. Kim, C. Shin and H. Park",,,,2012-09-01,0000-00-00,"IEEE International Symposium on Personal, Indoor and Mobile Radio Communications (PIMRC 2012)",,,,,,,"Sydney, Australia",,,,,,,,,,,,,,,,1,0,published,2017-04-19 13:40:51,2017-04-19 13:40:51,,
478,Power Efficient Visible Light Communication Systems Under Dimming Constraint,inproceedings,bibcvtIC091,"J. Kim, K. Lee and H. Park",,,,2012-09-01,0000-00-00,"IEEE International Symposium on Personal, Indoor and Mobile Radio Communications (PIMRC 2012)",,,,,,,"Sydney, Australia",,,,,,,,,,,,,,,,1,0,published,2017-04-19 13:40:51,2017-04-19 13:40:51,,
479,SoftPHY-Based Adaptive Modulation and Coding for BIC-OFDM Systems,inproceedings,bibcvtIC092,C. Shin and H. Park,,,,2012-09-01,0000-00-00,"IEEE International Symposium on Personal, Indoor and Mobile Radio Communications (PIMRC 2012)",,,,,,,"Sydney, Australia",,,,,,,,,,,,,,,,1,0,published,2017-04-19 13:40:51,2017-04-19 13:40:51,,
476,Moving Average Based Channel Estimation for LTE-Advanced Uplink System,inproceedings,bibcvtIC089,"J. Lee, J. Kim and H. Park",,,,2012-07-01,0000-00-00,"International Technical Conferences on Circuit/Systems, Computer and Communications (ITC-CSCC 2012)",,,,,,,"Sapporo, Japan",,,,,,,,,,,,,,,,1,0,published,2017-04-19 13:40:51,2017-04-19 13:40:51,,
474,AF MIMO Wireless Relay Networks Under Received Power Constraint,inproceedings,bibcvtIC087,"K. Lee, H. M. Kwon, H. Kim, E. M. Sawan, H. Park and Y. H. Lee",,,,2012-05-01,0000-00-00,IEEE Vehicular Technology Conference (VTC 2012 Spring),,,,,,,"Yokohama, Japan",,,,,,,,,,,,,,,,1,0,published,2017-04-19 13:40:51,2017-04-19 13:40:51,,
475,MMSE-Based Optimal Design of Full-Duplex Relay System,inproceedings,bibcvtIC088,"K. Lee, H. M. Kwon, M. Jo, H. Park and Y. H. Lee",,,,2012-05-01,0000-00-00,IEEE Vehicular Technology Conference (VTC 2012 Spring),,,,,,,"Yokohama, Japan",,,,,,,,,,,,,,,,1,0,published,2017-04-19 13:40:51,2017-04-19 13:40:51,,
472,Channel Model and Modulation Schemes for Visible Light Communications,inproceedings,bibcvtIC085,K. Lee and H. Park,,,,2011-08-01,0000-00-00,IEEE International Midwest Symposium on Circuits and Systems (MWSCAS 2011),,,,,,,"Seoul, Korea",,,,,,,,,,,,,,,,1,0,published,2017-04-19 13:40:50,2017-04-19 13:40:50,,
473,A ML/DFE and Iterative Spatial Interference Cancellation for 2Ｘ2 BICM MIMO System,inproceedings,bibcvtIC086,"C. Yoon, H. Lee, H. Park and J. Kang",,,,2011-08-01,0000-00-00,IEEE MTT-S International Microwave Workshop Series on Intelligent Radio for Future Personal Terminals (IMWS-IRFPT 2011),,,,,,,"Daejeon, Korea",,,,,,,,,,,,,,,,1,0,published,2017-04-19 13:40:50,2017-04-19 13:40:50,,
480,Two-Level MMSE Relay Strategy for an AF Wireless Relay Network,inproceedings,bibcvtIC093,"K. Lee, H. M. Kwon, W. Xiong, H. Kim, S. Feng, H. Park and Y. H. Lee",,,,2010-10-01,0000-00-00,"Allerton Conference on Communication, Control, and Computing",,,,,,,"Urbana-Champaign, USA",,,,,,,,,,,,,,,,1,0,published,2017-04-19 13:40:51,2017-04-19 13:40:51,,
471,An Exact SER Analysis of ZF-DFE for M-QAM on Fast Fading Channels,inproceedings,bibcvtIC084,"E. Heo, C. Shin and H. Park",,,,2010-09-01,0000-00-00,"IEEE International Symposium on Personal, Indoor and Mobile Radio Communications (PIMRC 2010)",,,,,,,"Istanbul, Turkey",,,,,,,,,,,,,,,,1,0,published,2017-04-19 13:40:50,2017-04-19 13:40:50,,
468,Improved User Scheduling Algorithms for Codebook Based MIMO Precoding Schemes,inproceedings,bibcvtIC081,"B. Lim, K. Ahn, H. Kim and H. Park",,,,2010-05-01,0000-00-00,IEEE Vehicular Technology Conference (VTC 2010 Spring),,,,,,,"Taipei, Taiwan",,,,,,,,,,,,,,,,1,0,published,2017-04-19 13:40:50,2017-04-19 13:40:50,,
469,Interference Cancellation for Single Carrier Frequency Domain Equalizer Without Cyclic Prefix,inproceedings,bibcvtIC082,"H. Lee, Y. Lee, K. Ahn and H. Park",,,,2010-05-01,0000-00-00,IEEE Vehicular Technology Conference (VTC 2010 Spring),,,,,,,"Taipei, Taiwan",,,,,,,,,,,,,,,,1,0,published,2017-04-19 13:40:50,2017-04-19 13:40:50,,
470,A Closed-Form Expression of Instantaneous Bit Error Rate for BIC-OFDM Systems,inproceedings,bibcvtIC083,C. Shin and H. Park,,,,2010-05-01,0000-00-00,IEEE International Conference on Communications (ICC 2010),,,,,,,"Cape Town, South Africa",,,,,,,,,,,,,,,,1,0,published,2017-04-19 13:40:50,2017-04-19 13:40:50,,
466,Enhanced Phase Tracking for Unique Word Based SC-FDE on Frequency Selective Channels,inproceedings,bibcvtIC079,K. Kim and H. Park,,,,2010-02-01,0000-00-00,IEEE International Microwave Workshop Series (IMWS 2010),,,,,,,"Aveiro, Portugal",,,,,,,,,,,,,,,,1,0,published,2017-04-19 13:40:50,2017-04-19 13:40:50,,
467,A Per-Stream Coded Bit Loading Algorithm for MIMO BIC-OFDM Systems,inproceedings,bibcvtIC080,"C. Shin, E. Nam, J. Kang and H. Park",,,,2010-02-01,0000-00-00,International ITG/IEEE Workshop on Smart Antennas (WSA 2010),,,,,,,"Bremen, Germany",,,,,,,,,,,,,,,,1,0,published,2017-04-19 13:40:50,2017-04-19 13:40:50,,
465,Precoding Scheme for Multiuser MIMO Downlink System in IEEE 802.16m,inproceedings,bibcvtIC078,"B. Lim, K. Ahn, H. Kim and H. Park",,,,2009-10-01,0000-00-00,Triangle Symposium on Advanced ICT (TriSAI 2009),,,,,,,"Tokyo, Japan",,,,,,,,,,,,,,,,1,0,published,2017-04-19 13:40:49,2017-04-19 13:40:49,,
464,A Soft Decision Based Modified RM Decoding for CQI in LTE Systems,inproceedings,bibcvtIC077,"E. Heo, C. Shin, H. Park, C. Lee and J. Joung",,,,2009-08-01,0000-00-00,IEEE Asia Pacific Wireless Communication Symposium (APWCS 2009),,,,,,,"Seoul, Korea",,,,,,,,,,,,,,,,1,0,published,2017-04-19 13:40:49,2017-04-19 13:40:49,,
461,Efficient Transmit Antenna Selection for Correlated MIMO Channels,inproceedings,bibcvtIC074,"H. Kim, H. Kim, N. Kim, H. Park, S. Seo and J. Choi",,,,2009-04-01,0000-00-00,IEEE Wireless Communications and Networking Conference (WCNC 2009),,,,,,,"Budapest, Hungary",,,,,,,,,,,,,,,,1,0,published,2017-04-19 13:40:49,2017-04-19 13:40:49,,
462,Modified Successive Interference Cancellation for MIMO OFDM on Doubly Selective Channels,inproceedings,bibcvtIC075,K. Kim and H. Park,,,,2009-04-01,0000-00-00,IEEE Vehicular Technology Conference (VTC 2009 Spring),,,,,,,"Barcelona, Spain",,,,,,,,,,,,,,,,1,0,published,2017-04-19 13:40:49,2017-04-19 13:40:49,,
463,Multiple-Decision-Feedback Detection for STBC Over Time-Selective Fading Channels,inproceedings,bibcvtIC076,"C. Shin, H. Kim, M. Kim, J. Kim and H. Park",,,,2009-04-01,0000-00-00,IEEE Vehicular Technology Conference (VTC 2009 Spring),,,,,,,"Barcelona, Spain",,,,,,,,,,,,,,,,1,0,published,2017-04-19 13:40:49,2017-04-19 13:40:49,,
460,The Fusion Technology of Solid State Lighting and Wireless Communications: Visible Light Communications,inproceedings,bibcvtIC073,"K. Lee, T. Kang and H. Park",,,,2009-01-01,0000-00-00,International Conference Display and Solid State Lighting (DSSL 2009),,,,,,,"Seoul, Korea",,,,,,,,,,,,,,,,1,0,published,2017-04-19 13:40:49,2017-04-19 13:40:49,,
459,Scalable OFDM Systems for PPDR Communications,inproceedings,bibcvtIC072,"K. Kim, H. Kim, H. Park and H. Kim",,,,2008-10-01,0000-00-00,IEEE Asia Pacific Wireless Communications Symposium (APWCS 2008),,,,,,,"Sendai, Japan",,,,,,,,,,,,,,,,1,0,published,2017-04-19 13:40:49,2017-04-19 13:40:49,,
456,Improved Decision-Feedback Detection Schemes for STTD Over Time-Selective Fading Channels,inproceedings,bibcvtIC069,"C. Shin, H. Kim and H. Park",,,,2008-05-01,0000-00-00,IEEE Vehicular Technology Conference (VTC 2008 Spring),,,,,,,Singapore,,,,,,,,,,,,,,,,1,0,published,2017-04-19 13:40:48,2017-04-19 13:40:48,,
457,Parameters Optimization of Multiuser OFDM on Doubly Selective Fading Channels,inproceedings,bibcvtIC070,"K. Kim, H. Park and H. You",,,,2008-05-01,0000-00-00,IEEE Vehicular Technology Conference (VTC 2008 Spring),,,,,,,Singapore,,,,,,,,,,,,,,,,1,0,published,2017-04-19 13:40:48,2017-04-19 13:40:48,,
458,Simple MAP Detector for Coded MIMO System,inproceedings,bibcvtIC071,"S. Kyeong, N. Kim and H. Park",,,,2008-05-01,0000-00-00,IEEE Vehicular Technology Conference (VTC 2008 Spring),,,,,,,Singapore,,,,,,,,,,,,,,,,1,0,published,2017-04-19 13:40:49,2017-04-19 13:40:49,,
455,Effects of Antenna Correlation on Spatial Diversity and Multiuser Diversity,inproceedings,bibcvtIC068,"H. Kim, W. Choi and H. Park",,,,2008-03-01,0000-00-00,IEEE Wireless Communications and Networking Conference (WCNC 2008),,,,,,,"Las Vegas, USA",,,,,,,,,,,,,,,,1,0,published,2017-04-19 13:40:48,2017-04-19 13:40:48,,
454,Joint Estimation of Carrier Frequency Offset and I/Q Imbalance for Direct Conversion OFDM System With Constrained Preambles,inproceedings,bibcvtIC067,"J. Park, Y. Lee and H. Park",,,,2007-11-01,0000-00-00,"IEEE Asilomar Conference on Signals, Systems, and Computers (ACSSC 2007)",,,,,,,"Pacific Grove, USA",,,,,,,,,,,,,,,,1,0,published,2017-04-19 13:40:48,2017-04-19 13:40:48,,
447,Multicarrier Transmission for Visible Light Communication,inproceedings,bibcvtIC060,K. Lee and H. Park,,,,2007-09-01,0000-00-00,ICT Triangle Forum,,,,,,,"Beijing, China",,,,,,,,,,,,,,,,1,0,published,2017-04-19 13:40:47,2017-04-19 13:40:47,,
448,OFDM Channel Estimation for Multi-hop Cooperative Channels,inproceedings,bibcvtIC061,K. Kim and H. Park,,,,2007-09-01,0000-00-00,ICT Triangle Forum,,,,,,,"Beijing, China",,,,,,,,,,,,,,,,1,0,published,2017-04-19 13:40:47,2017-04-19 13:40:47,,
449,Adaptive Rotation Based Full-Diversity Full-Rate Scheme With Channel State Information,inproceedings,bibcvtIC062,"J. Kim, N. Kim, H. Kim, H. Kim, J. Lee and H. Park",,,,2007-09-01,0000-00-00,IEEE Vehicular Technology Conference (VTC 2007 Fall),,,,,,,"Baltimore, USA",,,,,,,,,,,,,,,,1,0,published,2017-04-19 13:40:47,2017-04-19 13:40:47,,
450,An Improved LLR Computation for QRM-MLD in Coded MIMO Systems,inproceedings,bibcvtIC063,"W. Shin, H. Kim, M. Son and H. Park",,,,2007-09-01,0000-00-00,IEEE Vehicular Technology Conference (VTC 2007 Fall),,,,,,,"Baltimore, USA",,,,,,,,,,,,,,,,1,0,published,2017-04-19 13:40:47,2017-04-19 13:40:47,,
451,Cooperative Diversity System Achieving Full-Rate and Full-Diversity by Constellation Rotation,inproceedings,bibcvtIC064,"H. Kim, N. Kim, J. Kim and H. Park",,,,2007-09-01,0000-00-00,IEEE Vehicular Technology Conference (VTC 2007 Fall),,,,,,,"Baltimore, USA",,,,,,,,,,,,,,,,1,0,published,2017-04-19 13:40:48,2017-04-19 13:40:48,,
452,Enhanced Lattice-Reduction-Based Precoder With List Quantizer in Broadcast Channel,inproceedings,bibcvtIC065,"S. Hur, N. Kim, H. Park and J. Kang",,,,2007-09-01,0000-00-00,IEEE Vehicular Technology Conference (VTC 2007 Fall),,,,,,,"Baltimore, USA",,,,,,,,,,,,,,,,1,0,published,2017-04-19 13:40:48,2017-04-19 13:40:48,,
453,Transmit Antenna Selection for Hybrid Space-Time Block Code With Decision-Feedback Detector,inproceedings,bibcvtIC066,"J. Kim, H. Kim and H. Park",,,,2007-09-01,0000-00-00,IEEE Vehicular Technology Conference (VTC 2007 Fall),,,,,,,"Baltimore, USA",,,,,,,,,,,,,,,,1,0,published,2017-04-19 13:40:48,2017-04-19 13:40:48,,
445,Enhanced BLAST Soft-Decision Cancellation for Coded MIMO Systems,inproceedings,bibcvtIC058,"Y. Lee, N. Kim, Y. Song, D. Kwon and H. Park",,,,2007-08-01,0000-00-00,IEEE Asia Pacific Wireless Communication Symposium (APWCS 2007),,,,,,,"Hsinchu, Taiwan",,,,,,,,,,,,,,,,1,0,published,2017-04-19 13:40:47,2017-04-19 13:40:47,,
446,Enhanced Space Time Block Code Using Partial Rotation,inproceedings,bibcvtIC059,"J. Kim, H. Kim, H. You and H. Park",,,,2007-08-01,0000-00-00,IEEE Asia Pacific Wireless Communication Symposium (APWCS 2007),,,,,,,"Hsinchu, Taiwan",,,,,,,,,,,,,,,,1,0,published,2017-04-19 13:40:47,2017-04-19 13:40:47,,
444,Multi-user Chaotic UWB System for Wireless Connectivity Applications,inproceedings,bibcvtIC057,"M. Son, K. Lee, J. Kim, S. Han and H. Park",,,,2007-07-01,0000-00-00,"International Technical Conferences on Circuit/Systems, Computer and Communications (ITC-CSCC 2007)",,,,,,,"Busan, Korea",,,,,,,,,,,,,,,,1,0,published,2017-04-19 13:40:47,2017-04-19 13:40:47,,
443,An Enhanced DSTTD-OFDM System With Decision-Feedback Detection,inproceedings,bibcvtIC056,H. Kim and H. Park,,,,2007-06-01,0000-00-00,IEEE International Conference on Communications (ICC 2007),,,,,,,"Glasgow, Scotland",,,,,,,,,,,,,,,,1,0,published,2017-04-19 13:40:47,2017-04-19 13:40:47,,
442,OFDM Channel Estimation for the Amplify-and-Forward Cooperative Channel,inproceedings,bibcvtIC055,"K. Kim, H. Kim and H. Park",,,,2007-04-01,0000-00-00,IEEE Vehicular Technology Conference (VTC 2007 Spring),,,,,,,"Dublin, Ireland",,,,,,,,,,,,,,,,1,0,published,2017-04-19 13:40:47,2017-04-19 13:40:47,,
440,An Enhanced V-BLAST System for Reduced-Complexity Tree Searching,inproceedings,bibcvtIC053,"H. Kim, K. Jeon, S. Hwang and H. Park",,,,2007-03-01,0000-00-00,IEEE Wireless Communications and Networking Conference (WCNC 2007),,,,,,,Hong Kong,,,,,,,,,,,,,,,,1,0,published,2017-04-19 13:40:46,2017-04-19 13:40:46,,
441,New DSTTD Transceiver Architecture for Low-Complexity Maximum-Likelihood Detection,inproceedings,bibcvtIC054,H. Kim and H. Park,,,,2007-03-01,0000-00-00,IEEE Wireless Communications and Networking Conference (WCNC 2007),,,,,,,Hong Kong,,,,,,,,,,,,,,,,1,0,published,2017-04-19 13:40:47,2017-04-19 13:40:47,,
439,A Chaotic UWB System for Home Networks,inproceedings,bibcvtIC052,"K. Lee, S. Kyeong, J. Kim, Y. Kim and H. Park",,,,2006-11-01,0000-00-00,IEEE International Conference on Hybrid Information Technology (ICHIT 2006),,,,,,,"Jeju, Korea",,,,,,,,,,,,,,,,1,0,published,2017-04-19 13:40:46,2017-04-19 13:40:46,,
436,An Efficient QRD-M Algorithm Using Partial Decision Feedback Detection,inproceedings,bibcvtIC049,"K. Jeon, H. Kim and H. Park",,,,2006-10-01,0000-00-00,"IEEE Asilomar Conference on Signals, Systems, and Computers (ACSSC 2006)",,,,,,,"Pacific Grove, USA",,,,,,,,,,,,,,,,1,0,published,2017-04-19 13:40:46,2017-04-19 13:40:46,,
437,Lattice Reduction Aided MIMO Detectors With Quantization Error Correction,inproceedings,bibcvtIC050,"J. Kim, N. Kim and H. Park",,,,2006-10-01,0000-00-00,"IEEE Asilomar Conference on Signals, Systems, and Computers (ACSSC 2006)",,,,,,,"Pacific Grove, USA",,,,,,,,,,,,,,,,1,0,published,2017-04-19 13:40:46,2017-04-19 13:40:46,,
438,Modified EMLMAP Algorithm Using Variable Scaling Factor for Low-Power Implementation of Turbo Decoder,inproceedings,bibcvtIC051,"J. Kim, J. Kim, B. Kim, S. Park and H. Park",,,,2006-10-01,0000-00-00,International Symposium on Information Theory and its Applications (ISITA 2006),,,,,,,"Seoul, Korea",,,,,,,,,,,,,,,,1,0,published,2017-04-19 13:40:46,2017-04-19 13:40:46,,
434,Low-Complexity Detections for Downlink MIMO MC-CDMA Systems,inproceedings,bibcvtIC047,Y. Lee and H. Park,,,,2006-09-01,0000-00-00,"IEEE International Symposium on Personal, Indoor and Mobile Radio Communications (PIMRC 2006)",,,,,,,"Helsinki, Finland",,,,,,,,,,,,,,,,1,0,published,2017-04-19 13:40:46,2017-04-19 13:40:46,,
435,Improved Lattice Reduction Aided Detections for MIMO Systems,inproceedings,bibcvtIC048,N. Kim and H. Park,,,,2006-09-01,0000-00-00,IEEE Vehicular Technology Conference (VTC 2006 Fall),,,,,,,"Montreal, Canada",,,,,,,,,,,,,,,,1,0,published,2017-04-19 13:40:46,2017-04-19 13:40:46,,
433,The Chaotic On-Off Keying With Guard Interval for Ultra-wideband Communication,inproceedings,bibcvtIC046,"K. Lee, S. Kyeong, J. Kim, Y. Kim and H. Park",,,,2006-08-01,0000-00-00,IEEE Asia Pacific Wireless Communications Symposium (APWCS 2006),,,,,,,"Daejeon, Korea",,,,,,,,,,,,,,,,1,0,published,2017-04-19 13:40:46,2017-04-19 13:40:46,,
431,Performance Analysis of the Reduced-Delay DCSK UWB System,inproceedings,bibcvtIC044,"K. Lee, J. Son, J. Kim, Y. Kim and H. Park",,,,2006-07-01,0000-00-00,"International Technical Conferences on Circuit/Systems, Computer and Communications (ITC-CSCC 2006)",,,,,,,"Chiang Mai, Thailand",,,,,,,,,,,,,,,,1,0,published,2017-04-19 13:40:46,2017-04-19 13:40:46,,
432,A New I/Q Imbalacne Compensation Scheme for OFDM System,inproceedings,bibcvtIC045,"J. Park, Y. Lee and H. Park",,,,2006-07-01,0000-00-00,"International Technical Conferences on Circuit/Systems, Computer and Communications (ITC-CSCC 2006)",,,,,,,"Chiang Mai, Thailand",,,,,,,,,,,,,,,,1,0,published,2017-04-19 13:40:46,2017-04-19 13:40:46,,
429,A Low Complexity ICI Cancellation Method for High Mobility OFDM Systems,inproceedings,bibcvtIC042,K. Kim and H. Park,,,,2006-05-01,0000-00-00,IEEE Vehicular Technology Conference (VTC 2006 Spring),,,,,,,"Melbourne, Australia",,,,,,,,,,,,,,,,1,0,published,2017-04-19 13:40:45,2017-04-19 13:40:45,,
430,Performance Analysis of a DSTTD System With Decision-Feedback Detection,inproceedings,bibcvtIC043,"H. Kim, H. Park, T. Kim and I. Eo",,,,2006-05-01,0000-00-00,"IEEE International Conference on Acoustics, Speech, and Signal Processing (ICASSP 2006)",,,,,,,"Toulose, France",,,,,,,,,,,,,,,,1,0,published,2017-04-19 13:40:45,2017-04-19 13:40:45,,
428,A New Enhanced Coding Scheme for Robust Bit-Stream of ATSC DTV,inproceedings,bibcvtIC041,"J. Kim, N. Kim, K. Ji, S. Kim and H. Park",,,,2006-01-01,0000-00-00,IEEE International Conference on Consumer Electronics (ICCE 2006),,,,,,,"Las Vegas, USA",,,,,,,,,,,,,,,,1,0,published,2017-04-19 13:40:45,2017-04-19 13:40:45,,
424,Iterative Interference Cancellation Algorithms for the V-BLAST System,inproceedings,bibcvtIC037,H. Kim and H. Park,,,,2005-09-01,0000-00-00,IEEE International Symposium on Personal Indoor and Mobile Radio Communications (PIMRC 2005),,,,,,,"Berlin, Germany",,,,,,,,,,,,,,,,1,0,published,2017-04-19 13:40:45,2017-04-19 13:40:45,,
425,Efficient Succesive Interference Cancellation Algorithms for the DSTTD System,inproceedings,bibcvtIC038,H. Kim and H. Park,,,,2005-09-01,0000-00-00,IEEE International Symposium on Personal Indoor and Mobile Radio Communications (PIMRC 2005),,,,,,,"Berlin, Germany",,,,,,,,,,,,,,,,1,0,published,2017-04-19 13:40:45,2017-04-19 13:40:45,,
426,Effects of Subcarrier Interleaving on LDPC Coded MC-CDMA Systems,inproceedings,bibcvtIC039,"Y. Lee, K. Kim, D. Kwon and H. Park",,,,2005-09-01,0000-00-00,International Workshop on Multi-Carrier Spread Spectrum (MC-SS 2005),,,,,,,"Oberpfaffenhofen, Germany",,,,,,,,,,,,,,,,1,0,published,2017-04-19 13:40:45,2017-04-19 13:40:45,,
427,Pilot Symbol-Aided Channel Estimation for MC-CDMA Systems,inproceedings,bibcvtIC040,"Y. Lee, Y. Kang, M. Noh and H. Park",,,,2005-09-01,0000-00-00,International Workshop on Multi-Carrier Spread Spectrum (MC-SS 2005),,,,,,,"Oberpfaffenhofen, Germany",,,,,,,,,,,,,,,,1,0,published,2017-04-19 13:40:45,2017-04-19 13:40:45,,
420,A Low Complexity LMMSE Channel Estimation for OFDM Systems,inproceedings,bibcvtIC033,"W. Shin, M. Noh and H. Park",,,,2005-07-01,0000-00-00,"International Technical Conferences on Circuit/Systems, Computer and Communications (ITC-CSCC 2005)",,,,,,,"Jeju, Korea",,,,,,,,,,,,,,,,1,0,published,2017-04-19 13:40:44,2017-04-19 13:40:44,,
421,The Generalized UMP BP-Based Algorithm and Its Modifications for Non-binary LDPC Codes,inproceedings,bibcvtIC034,"J. Kim, N. Kim and H. Park",,,,2005-07-01,0000-00-00,"International Technical Conferences on Circuit/Systems, Computer and Communications (ITC-CSCC 2005)",,,,,,,"Jeju, Korea",,,,,,,,,,,,,,,,1,0,published,2017-04-19 13:40:45,2017-04-19 13:40:45,,
422,Performance Analysis of Non-coherent Chaotic On-Off Keying Systems,inproceedings,bibcvtIC035,"J. Son, H. Kim, J. Kim, Y. Kim and H. Park",,,,2005-07-01,0000-00-00,"International Technical Conferences on Circuit/Systems, Computer and Communications (ITC-CSCC 2005)",,,,,,,"Jeju, Korea",,,,,,,,,,,,,,,,1,0,published,2017-04-19 13:40:45,2017-04-19 13:40:45,,
423,An Adaptive DFT-Based Channel Estimation for OFDM,inproceedings,bibcvtIC036,"K. Kim, Y. Kang and H. Park",,,,2005-07-01,0000-00-00,"International Technical Conferences on Circuit/Systems, Computer and Communications (ITC-CSCC 2005)",,,,,,,"Jeju, Korea",,,,,,,,,,,,,,,,1,0,published,2017-04-19 13:40:45,2017-04-19 13:40:45,,
419,A Variable Rate LDPC Coded V-BLAST System Using the MMSE QR-Decomposition,inproceedings,bibcvtIC032,"N. Kim, H.Kim and H. Park",,,,2005-05-01,0000-00-00,IEEE Vehicular Technology Conference (VTC 2005 Spring),,,,,,,"Stockholm, Sweden",,,,,,,,,,,,,,,,1,0,published,2017-04-19 13:40:44,2017-04-19 13:40:44,,
416,Joint Fine Time Synchronization and Channel Estimation for MIMO-OFDM WLAN,inproceedings,bibcvtIC029,N. D. Long and H. Park,,,,2004-11-01,0000-00-00,IEEE International Symposium on Intelligent Signal Processing and Communication Systems (ISPACS 2004),,,,,,,"Seoul, Korea",,,,,,,,,,,,,,,,1,0,published,2017-04-19 13:40:44,2017-04-19 13:40:44,,
417,Iterative Carrier Phase Synchronization in the Presence of Residual Frequency Offset,inproceedings,bibcvtIC030,N. D. Long and H. Park,,,,2004-11-01,0000-00-00,IEEE International Symposium on Intelligent Signal Processing and Communication Systems (ISPACS 2004),,,,,,,"Seoul, Korea",,,,,,,,,,,,,,,,1,0,published,2017-04-19 13:40:44,2017-04-19 13:40:44,,
418,Fast Convergence Decoding Scheme for Regular LDPC Codes,inproceedings,bibcvtIC031,"J. Kim, N. Kim and H. Park",,,,2004-11-01,0000-00-00,IEEE International Symposium on Intelligent Signal Processing and Communication Systems (ISPACS 2004),,,,,,,"Seoul, Korea",,,,,,,,,,,,,,,,1,0,published,2017-04-19 13:40:44,2017-04-19 13:40:44,,
415,Adaptive Normalized UMP-BP Decoding Algorithm for Irregular Low-Density Parity Check Codes,inproceedings,bibcvtIC028,"Y. Kim, N. Kim and H. Park",,,,2004-10-01,0000-00-00,The CDMA International Conference (CIC 2004),,,,,,,"Seoul, Korea",,,,,,,,,,,,,,,,1,0,published,2017-04-19 13:40:44,2017-04-19 13:40:44,,
413,An Improved V-BLAST Receiver Based on Reliability Normalization,inproceedings,bibcvtIC026,H. Kim and H. Park,,,,2004-09-01,0000-00-00,IEEE Vehicular Technology Conference (VTC 2004 Fall),,,,,,,"Los Angeles, USA",,,,,,,,,,,,,,,,1,0,published,2017-04-19 13:40:44,2017-04-19 13:40:44,,
414,A Variable Rate LDPC Coded V-BLAST System,inproceedings,bibcvtIC027,"M. Noh, N. Kim, H. Park and H. Lee",,,,2004-09-01,0000-00-00,IEEE Vehicular Technology Conference (VTC 2004 Fall),,,,,,,"Los Angeles, USA",,,,,,,,,,,,,,,,1,0,published,2017-04-19 13:40:44,2017-04-19 13:40:44,,
411,A Performance of Complementary Code Keying Codes,inproceedings,bibcvtIC024,Y. Lee and H. Park,,,,2004-08-01,0000-00-00,"International Conference on Electronics, Information and Communication Systems (ICEIC 2004)",,,,,,,"Hanoi, Vietnam",,,,,,,,,,,,,,,,1,0,published,2017-04-19 13:40:43,2017-04-19 13:40:43,,
412,A Fast Timing Recovery Algorithm for Turbo-Coded System,inproceedings,bibcvtIC025,N. D. Long and H. Park,,,,2004-08-01,0000-00-00,"International Conference on Electronics, Information and Communication Systems (ICEIC 2004)",,,,,,,"Hanoi, Vietnam",,,,,,,,,,,,,,,,1,0,published,2017-04-19 13:40:44,2017-04-19 13:40:44,,
409,Adaptive Reduced State Per Survivor Processing for Carrier Phase Synchronization,inproceedings,bibcvtIC022,"J. Lee, N. D. Long, Y. Lee, H. Park, P. Kim, Y. Song and H. Lee",,,,2004-07-01,0000-00-00,"International Technical Conferences on Circuit/Systems, Computer and Communications (ITC-CSCC 2004)",,,,,,,"Sendai, Japan",,,,,,,,,,,,,,,,1,0,published,2017-04-19 13:40:43,2017-04-19 13:40:43,,
410,Low Complexity OFDM Channel Estimation,inproceedings,bibcvtIC023,"Y. Kang, M. Noh, W. Jeong, H. Park, Y. Park and H. Park",,,,2004-07-01,0000-00-00,"International Technical Conferences on Circuit/Systems, Computer and Communications (ITC-CSCC 2004)",,,,,,,"Sendai, Japan",,,,,,,,,,,,,,,,1,0,published,2017-04-19 13:40:43,2017-04-19 13:40:43,,
408,A RAKE Receiver With ICI/ISI Equalizer for CCK Wireless LAN Modem,inproceedings,bibcvtIC021,Y. Lee and H. Park,,,,2004-05-01,0000-00-00,IEEE Vehicular Technology Conference (VTC 2004 Spring),,,,,,,"Milan, Italy",,,,,,,,,,,,,,,,1,0,published,2017-04-19 13:40:43,2017-04-19 13:40:43,,
406,Modified UMP-BP Decoding Algorithm Based on the Mean Square Error,inproceedings,bibcvtIC019,"N. Kim, J. Kim, H. Park and S. Suh",,,,2003-10-01,0000-00-00,International Conference on Cellular and Intelligent Communications (CIC 2003),,,,,,,"Seoul, Korea",,,,,,,,,,,,,,,,1,0,published,2017-04-19 13:40:43,2017-04-19 13:40:43,,
407,An Efficient Construction of Regular Low-Density Parity-Check Codes for Encoding,inproceedings,bibcvtIC020,"J. Kim, N. Kim, H. Park and S. Suh",,,,2003-10-01,0000-00-00,International Conference on Cellular and Intelligent Communications (CIC 2003),,,,,,,"Seoul, Korea",,,,,,,,,,,,,,,,1,0,published,2017-04-19 13:40:43,2017-04-19 13:40:43,,
405,A CCK-OFDM Modem Having Low Peak-to-Average Power Ratio,inproceedings,bibcvtIC018,W. Jeong and H. Park,,,,2003-07-01,0000-00-00,"International Technical Conferences on Circuit/Systems, Computer and Communications (ITC-CSCC 2003)",,,,,,,"Pyeongchang, Korea",,,,,,,,,,,,,,,,1,0,published,2017-04-19 13:40:43,2017-04-19 13:40:43,,
404,Performance Improvement Techniques for CCK-OFDM WLAN Modem,inproceedings,bibcvtIC017,"W. Jeong, H. Park, H. Lee and S. Hwang",,,,2003-06-01,0000-00-00,IEEE International Conference on Consumer Electronics (ICCE 2003),,,,,,,"Los Angeles, USA",,,,,,,,,,,,,,,,1,0,published,2017-04-19 13:40:43,2017-04-19 13:40:43,,
402,Convolutional Coded Pulse-Position Modulation on Wireless Optical Communication,inproceedings,bibcvtIC015,H. Park,,,,2003-04-01,0000-00-00,IEEE Vehicular Technology Conference (VTC 2003 Spring),,,,,,,"Jeju, Korea",,,,,,,,,,,,,,,,1,0,published,2017-04-19 13:40:43,2017-04-19 13:40:43,,
403,Performance of LDPC Code Based D-BLAST System,inproceedings,bibcvtIC016,"E. Lee, J. Kim, H. Park and H. Lee",,,,2003-04-01,0000-00-00,IEEE Vehicular Technology Conference (VTC 2003 Spring),,,,,,,"Jeju, Korea",,,,,,,,,,,,,,,,1,0,published,2017-04-19 13:40:43,2017-04-19 13:40:43,,
401,Robust Symbol Timing Recovery for Telephone Line Modems,inproceedings,bibcvtIC014,"S. Hwang, H. Park and H. Choi",,,,2002-07-01,0000-00-00,"International Technical Conferences on Circuit/Systems, Computer and Communications (ITC-CSCC 2002)",,,,,,,"Phuket, Thailand",,,,,,,,,,,,,,,,1,0,published,2017-04-19 13:40:42,2017-04-19 13:40:42,,
400,Efficient FFT Algorithm for OFDM Modulation,inproceedings,bibcvtIC013,"Y. Jung, Y. Tak, J. Kim, J. Park, D. Kim and H. Park",,,,2001-08-01,0000-00-00,IEEE Region 10 International Conference on Electrical and Electronic Technology (TENCON 2001),,,,,,,Singapore,,,,,,,,,,,,,,,,1,0,published,2017-04-19 13:40:42,2017-04-19 13:40:42,,
398,Adaptive Sectorization System Employing Interference Cancellation,inproceedings,bibcvtIC011,"B. Yu, H. Park and H. Ko",,,,2001-07-01,0000-00-00,"International Technical Conferences on Circuit/Systems, Computer and Communications (ITC-CSCC 2001)",,,,,,,"Tokushima, Japan",,,,,,,,,,,,,,,,1,0,published,2017-04-19 13:40:42,2017-04-19 13:40:42,,
399,A Time and Frequency Offset Estimation Scheme for OFDM Systems by Using an Analytic Tone,inproceedings,bibcvtIC012,D. Kim and H. Park,,,,2001-07-01,0000-00-00,"International Technical Conferences on Circuit/Systems, Computer and Communications (ITC-CSCC 2001)",,,,,,,"Tokushima, Japan",,,,,,,,,,,,,,,,1,0,published,2017-04-19 13:40:42,2017-04-19 13:40:42,,
397,Area-Efficient and Reusable VLSI Architecture of Decision Feedback Equalizer for QAM Modem,inproceedings,bibcvtIC010,"H. Yu, B. Kim, Y. Cho, J. Cho, J. Kim, J. Lee, H. Park and K. Lee",,,,2001-01-01,0000-00-00,Asia and South Pacific Design Automation Conference (ASP-DAC 2001),,,,,,,"Yokohama, Japan",,,,,,,,,,,,,,,,1,0,published,2017-04-19 13:40:42,2017-04-19 13:40:42,,
396,PRML Core Development for SoC CD/DVD Controller IC,inproceedings,bibcvtIC009,"G. Sonu, N. Nadershahi, S Radzewicz, Y. Kim, J. Lee, D. Shim, K. Cho, H. Park and K. Lee",,,,2000-08-01,0000-00-00,International Conference on Magnetic Recording Systems (IMRC 2000),,,,,,,"San Jose, USA",,,,,,,,,,,,,,,,1,0,published,2017-04-19 13:40:42,2017-04-19 13:40:42,,
395,Equalization for Burst OFDM Systems in Multipath Fading Channels,inproceedings,bibcvtIC008,"D. Kim, H. Choi and H. Park",,,,2000-07-01,0000-00-00,"International Technical Conferences on Circuit/Systems, Computer and Communications (ITC-CSCC 2000)",,,,,,,"Busan, Korea",,,,,,,,,,,,,,,,1,0,published,2017-04-19 13:40:42,2017-04-19 13:40:42,,
394,A Coarse Frequency Offset Estimation in an OFDM System Using the Concept of the Coherence Phase Bandwidth,inproceedings,bibcvtIC007,"K. Bang, N. Cho, J. Cho, K. Kim, H. Park and D. Hong",,,,2000-06-01,0000-00-00,IEEE International Conference on Communications (ICC 2000),,,,,,,"New Orleans, USA",,,,,,,,,,,,,,,,1,0,published,2017-04-19 13:40:42,2017-04-19 13:40:42,,
393,A Fast Burst Synchronization for OFDM Based Wireless Asynchronous Transfer Mode System,inproceedings,bibcvtIC006,"T. Kim, N. Cho, J. Cho, K. Bang, K. Kim, H. Park and D. Hong",,,,1999-12-01,0000-00-00,IEEE Global Telecommunications Conference (Globecom 1999),,,,,,,"Rio de Janeiro, Brazil",,,,,,,,,,,,,,,,1,0,published,2017-04-19 13:40:41,2017-04-19 13:40:41,,
392,Power-Efficient Coded Modulation and Precoding Schemes for Wireless Infrared Communications,inproceedings,bibcvtIC005,H. Park,,,,1999-06-01,0000-00-00,IEEE International Conference on Communications (ICC 1999),,,,,,,"Vancouver, Canada",,,,,,,,,,,,,,,,1,0,published,2017-04-19 13:40:41,2017-04-19 13:40:41,,
391,Trellis-Coded Multiple-Pulse Position Modulation for Wireless Infrared Communications,inproceedings,bibcvtIC004,H. Park and J. Barry,,,,1998-11-01,0000-00-00,IEEE Global Telecommunications Conference (Globecom 1998),,,,,,,"Sydney, Australia",,,,,,,,,,,,,,,,1,0,published,2017-04-19 13:40:41,2017-04-19 13:40:41,,
390,A Partial-Response Precoding Scheme for Indoor Wireless Infrared Communication,inproceedings,bibcvtIC003,H. Park and J. Barry,,,,1998-09-01,0000-00-00,"IEEE International Symposium on Personal, Indoor and Mobile Radio Communications (PIMRC 1998)",,,,,,,"Boston, USA",,,,,,,,,,,,,,,,1,0,published,2017-04-19 13:40:41,2017-04-19 13:40:41,,
389,Performance Analysis and Channel Capacity for Multiple-Pulse Position Modulation on Multipath Channels,inproceedings,bibcvtIC002,H. Park and J. Barry,,,,1996-10-01,0000-00-00,"IEEE International Symposium on Personal, Indoor and Mobile Radio Communications (PIMRC 1996)",,,,,,,"Taipei, Taiwan",,,,,,,,,,,,,,,,1,0,published,2017-04-19 13:40:41,2017-04-19 13:40:41,,
388,Modulation Analysis for Wireless Infrared Communications,inproceedings,bibcvtIC001,H. Park and J. Barry,,,,1995-06-01,0000-00-00,IEEE International Conference on Communications (ICC 1995),,,,,,,"Seattle, USA",,,,,,,,,,,,,,,,1,0,published,2017-04-19 13:40:41,2017-04-19 13:40:41,,
